,KEV_2023_2030,GM0307_amersfoort_present,Amersfoort_2030,unit
present_total_net_co2_emissions,0.4203771779495656,0.6859777833252599,0.40059648248956004,mt
future_total_net_co2_emissions,0.4203771779495656,0.6859777833252599,0.40059648248956004,mt
