,NAT,nl2019_present,NAT_e,NAT_g,EU,EU_e,EU_g,unit
dashboard_total_costs_per_household,6667.0987427749915,0,6705.134553225147,6436.9967503749,6879.278372301613,7087.819669316845,6684.035534290516,euro
dashboard_total_costs,61.33730843352992,0,61.68723788967136,59.220370103449085,63.289361025174834,65.20794095771497,61.49312691547275,bln_euro
