,kev,GM0164_hengelo_present,II3050dec,II3050nat,II3050eur,II3050int,unit
dashboard_total_costs_per_household,6589.345550521967,0,7156.755424457464,7192.834850573724,7206.8885784907725,7225.613720925274,euro
dashboard_total_costs,0.25285295681017944,0,0.27462617590270627,0.27601065172106554,0.2765499354224264,0.2739085649328353,bln_euro
