,2030_KEV_VV,GM1959_altena_present,2050_DEC_II3050,2050_NAT_II3050,2050_EUR_II3050,2050_INT_II3050,unit
dashboard_total_costs_per_household,5767.532860259396,0,5381.73121537474,5437.0031430439085,5166.284581951941,4653.139144939439,euro
dashboard_total_costs,0.12816034768782403,0,0.1195874493368421,0.1208156468415787,0.11480000969555408,0.10339740493969926,bln_euro
