,KEV_2023_2030,GM0307_amersfoort_present,Amersfoort_2030,unit
present_total_net_co2_emissions,0.4025126991140896,0.685994633641071,0.4083587918350231,mt
future_total_net_co2_emissions,0.4025126991140896,0.685994633641071,0.4083587918350231,mt
