,0_leeg,GM0307_amersfoort_present,1_nieuwbouw,2_isolatie_hh,3_isolatie_gb,3_duurzame_verwarming_hh,4_duurzame_verwarming_gb,5_minder_auto,7_elektrisch_rijden,8_zon,9_wind,1_nieuwbouw_KEV,2_isolatie_hh_KEV,3_isolatie_gb_KEV,3_duurzame_verwarming_hh_KEV,4_duurzame_verwarming_gb_KEV,5_minder_auto_KEV,7_elektrisch_rijden_KEV,8_zon_KEV,9_wind_KEV,1_nieuwbouw_Amersfoort,2_isolatie_hh_Amersfoort,3_isolatie_gb_Amersfoort,3_duurzame_verwarming_hh_Amersfoort,4_duurzame_verwarming_gb_Amersfoort,5_minder_auto_Amersfoort,7_elektrisch_rijden_Amersfoort,8_zon_Amersfoort,9_wind_Amersfoort,unit
present_total_net_co2_emissions,0.68309714597514,0.685994633641071,0.6959960934982453,0.6112327353680209,0.6723257883437285,0.6361806646826209,0.6549949113749004,0.5205104784744792,0.5723702088860075,0.6384839402808947,0.677737572631082,0.68309714597514,0.6770478232678019,0.6742030336317948,0.675594990833803,0.679690416288615,0.7322251879290905,0.6702663124787355,0.68309714597514,0.68309714597514,0.695971157166799,0.6749504991077249,0.6742030336317948,0.6717597158904661,0.6839289967152147,0.7173875551193755,0.6702663124787355,0.6384839402808947,0.677737572631082,mt
future_total_net_co2_emissions,0.68309714597514,0.685994633641071,0.6959960934982453,0.6112327353680209,0.6723257883437285,0.6361806646826209,0.6549949113749004,0.5205104784744792,0.5723702088860075,0.6384839402808947,0.677737572631082,0.68309714597514,0.6770478232678019,0.6742030336317948,0.675594990833803,0.679690416288615,0.7322251879290905,0.6702663124787355,0.68309714597514,0.68309714597514,0.695971157166799,0.6749504991077249,0.6742030336317948,0.6717597158904661,0.6839289967152147,0.7173875551193755,0.6702663124787355,0.6384839402808947,0.677737572631082,mt
