,0_leeg,GM0307_amersfoort_present,1_nieuwbouw,2_isolatie_hh,3_isolatie_gb,3_duurzame_verwarming_hh,4_duurzame_verwarming_gb,5_minder_auto,7_elektrisch_rijden,8_zon,9_wind,1_nieuwbouw_KEV,2_isolatie_hh_KEV,3_isolatie_gb_KEV,3_duurzame_verwarming_hh_KEV,4_duurzame_verwarming_gb_KEV,5_minder_auto_KEV,7_elektrisch_rijden_KEV,8_zon_KEV,9_wind_KEV,1_nieuwbouw_Amersfoort,2_isolatie_hh_Amersfoort,3_isolatie_gb_Amersfoort,3_duurzame_verwarming_hh_Amersfoort,4_duurzame_verwarming_gb_Amersfoort,5_minder_auto_Amersfoort,7_elektrisch_rijden_Amersfoort,8_zon_Amersfoort,9_wind_Amersfoort,unit
present_total_net_co2_emissions,0.6830919496143238,0.6859777833252599,0.7221655323943191,0.6507355927326107,0.651866785413731,0.6361806196411063,0.6549945756267985,0.520505278059739,0.5723650153669447,0.6384787437320272,0.6777323762694025,0.6830919496143238,0.6826589740107002,0.6741984690274792,0.6755883704262647,0.6796859519764588,0.7126451478297343,0.6702611189738741,0.6830919496143238,0.6830919496143238,0.7221655323943191,0.6749459877995748,0.6741984690274792,0.6526255814839089,0.6760242902763341,0.697807514247916,0.6702611189738741,0.6494248934666355,0.6777323762694025,mt
future_total_net_co2_emissions,0.6830919496143238,0.6859777833252599,0.7221655323943191,0.6507355927326107,0.651866785413731,0.6361806196411063,0.6549945756267985,0.520505278059739,0.5723650153669447,0.6384787437320272,0.6777323762694025,0.6830919496143238,0.6826589740107002,0.6741984690274792,0.6755883704262647,0.6796859519764588,0.7126451478297343,0.6702611189738741,0.6830919496143238,0.6830919496143238,0.7221655323943191,0.6749459877995748,0.6741984690274792,0.6526255814839089,0.6760242902763341,0.697807514247916,0.6702611189738741,0.6494248934666355,0.6777323762694025,mt
