,nl2019_present,a,b,c,d,e,unit
total_costs,30134869333.447166,48980117759.57518,52602993802.45386,382549835544.2019,30076090827.013466,30012086713.81993,euro
