,GM1945_berg_en_dal_present,II305_EU,II3050_NL,II3050_REG,unit
dashboard_total_costs_per_household,0,3394.491813928161,3778.738321209632,4235.538360027223,euro
dashboard_total_costs,0,0.053106824428906074,0.059118361035324696,0.06626499764262589,bln_euro
