,Zoeterwoude_2030_VV,GM0638_zoeterwoude_present,Zoeterwoude_2050_max_e,Zoeterwoude_2050_max_alt,unit
dashboard_total_costs_per_household,8323.972236767187,0,8391.574586461176,8140.704729785425,euro
dashboard_total_costs,0.029075635023027784,0,0.029311770030508888,0.028435481621140492,bln_euro
