,0_leeg,GM0307_amersfoort_present,1_nieuwbouw,2_isolatie_hh,3_isolatie_gb,3_duurzame_verwarming_hh,4_duurzame_verwarming_gb,5_minder_auto,7_elektrisch_rijden,8_zon,9_wind,1_nieuwbouw_KEV,2_isolatie_hh_KEV,3_isolatie_gb_KEV,3_duurzame_verwarming_hh_KEV,4_duurzame_verwarming_gb_KEV,5_minder_auto_KEV,7_elektrisch_rijden_KEV,8_zon_KEV,9_wind_KEV,1_nieuwbouw_Amersfoort,2_isolatie_hh_Amersfoort,3_isolatie_gb_Amersfoort,3_duurzame_verwarming_hh_Amersfoort,4_duurzame_verwarming_gb_Amersfoort,5_minder_auto_Amersfoort,7_elektrisch_rijden_Amersfoort,8_zon_Amersfoort,9_wind_Amersfoort,unit
present_total_net_co2_emissions,0.6830919496143243,0.6859777833252599,0.7075615312561038,0.6112322826189612,0.6723213938761807,0.6361806196411074,0.6549945756267979,0.5205052780597379,0.5723650153669483,0.6384787437320285,0.6777323762694031,0.6830919496143243,0.677043204111563,0.6741984690274787,0.6755883704262671,0.6796859519764601,0.7322199911715407,0.6702611189738716,0.6830919496143243,0.6830919496143243,0.7075291237152319,0.6749459877995735,0.6741984690274787,0.6813187675594573,0.6760242902763369,0.7173823575897254,0.6702611189738716,0.6384787437320285,0.6777323762694031,mt
future_total_net_co2_emissions,0.6830919496143243,0.6859777833252599,0.7075615312561038,0.6112322826189612,0.6723213938761807,0.6361806196411074,0.6549945756267979,0.5205052780597379,0.5723650153669483,0.6384787437320285,0.6777323762694031,0.6830919496143243,0.677043204111563,0.6741984690274787,0.6755883704262671,0.6796859519764601,0.7322199911715407,0.6702611189738716,0.6830919496143243,0.6830919496143243,0.7075291237152319,0.6749459877995735,0.6741984690274787,0.6813187675594573,0.6760242902763369,0.7173823575897254,0.6702611189738716,0.6384787437320285,0.6777323762694031,mt
