,amersfoort_2030,GM0307_amersfoort_present,amersfoort_2050_dec,amersfoort_2050_eur,amersfoort_2050_int,amersfoort_2050_nat,unit
dashboard_total_costs_per_household,3541.946492234851,0,3084.5240655307675,2979.5795147212802,2757.8971839056585,3105.505917805881,euro
dashboard_total_costs,0.23795150729482956,0,0.2072214112464225,0.20017113137849032,0.18527829071196603,0.2086309930641169,bln_euro
