,KEV_2023_2030,GM0307_amersfoort_present,Amersfoort_2030,unit
present_total_net_co2_emissions,0.4203771779495656,0.6859777833252599,0.38010462626345476,mt
future_total_net_co2_emissions,0.4203771779495656,0.6859777833252599,0.38010462626345476,mt
