,SOF_2020,IE_ireland_present,SOF_2021,SOF_2022,SOF_2023,SOF_2024,SOF_2025,SOF_2026,SOF_2027,SOF_2028,SOF_2029,SOF_2030,unit
dashboard_total_costs_per_household,4577.695225998806,0,4582.919674756722,4588.277013600249,4593.783439567444,4380.510680846662,4383.833739266562,4387.375039007896,4391.151005382227,4395.1233583258845,4399.32163808707,4403.760666492525,euro
dashboard_total_costs,8.229780477300654,0,8.321564721190411,8.414605383793043,8.508950854466901,8.195050134469888,8.28327957468055,8.37287059153933,8.463877414575498,8.556249404102976,8.650066671431212,8.745382759490932,bln_euro
