,GM0252_heumen_present,heumen2030,heumen2050,unit
dashboard_total_costs_per_household,0,3811.0098468479728,3806.0084954382155,euro
dashboard_total_costs,0,0.02714582313909811,0.027110198513006407,bln_euro
