,NAT,nl2019_present,NAT_e,NAT_g,EU,EU_e,EU_g,unit
dashboard_total_costs_per_household,6787.200637768088,0,6801.836453067423,6533.5335386495235,6321.919691274417,6503.160219387543,6175.365432775555,euro
dashboard_total_costs,62.442245867466404,0,62.57689536822029,60.10850855557562,58.16166115972464,59.8290740183654,56.8133619815351,bln_euro
