,KEV_2023_2030,GM0307_amersfoort_present,Amersfoort_2030,unit
present_total_net_co2_emissions,0.40251261149037304,0.6859777833252599,0.3393120251438836,mt
future_total_net_co2_emissions,0.40251261149037304,0.6859777833252599,0.3393120251438836,mt
