,IE_2023,IE_Ireland_present,IE_2030,IE_2040,IE_2050,unit
dashboard_total_costs_per_household,4697.158371452027,0,5150.337883593287,5749.031492694225,6429.193537683217,euro
dashboard_total_costs,8.373935152488766,0,9.178154639930346,10.239166031744489,11.443964497076125,bln_euro
dashboard_reduction_of_co2_emissions_versus_1990,0.010251513527497202,0,-0.18184899562943246,-0.6389653358607124,-1.0570768169356877,factor
