,NAT,nl2019_present,NAT_e,NAT_g,EU,EU_e,EU_g,unit
dashboard_total_costs_per_household,6787.200637768088,0,6817.277926030998,6533.056147222559,6321.919691274417,6518.513186855176,6176.35363995041,euro
dashboard_total_costs,62.442245867466404,0,62.71895691948519,60.10411655444754,58.16166115972464,59.97032131906762,56.82245348754377,bln_euro
